{"author":"Pandicka","texture_size":[64,64],"textures":{"0":"infinityexpansion:tools/cosmic_aegis/cosmic_aegis","particle":"infinityexpansion:tools/cosmic_aegis/cosmic_aegis"},"elements":[{"from":[2,0,7],"to":[14,22,8],"rotation":{"angle":0,"axis":"y","origin":[8,11,7.5]},"faces":{"north":{"uv":[0,0,3,5.5],"texture":"#0"},"east":{"uv":[0,0,0.25,5.5],"texture":"#0"},"south":{"uv":[3,0,0,5.5],"texture":"#0"},"west":{"uv":[2.75,0,3,5.5],"texture":"#0"},"up":{"uv":[3,0.25,0,0],"texture":"#0"},"down":{"uv":[3,5.25,0,5.5],"texture":"#0"}}},{"from":[7,14,8],"to":[9,15,13],"rotation":{"angle":0,"axis":"y","origin":[7,14,8]},"faces":{"north":{"uv":[6,2.5,6.5,2.75],"texture":"#0"},"east":{"uv":[3.5,5.75,4.75,6],"texture":"#0"},"south":{"uv":[6,2.75,6.5,3],"texture":"#0"},"west":{"uv":[4.75,5.75,6,6],"texture":"#0"},"up":{"uv":[1,7,0.5,5.75],"texture":"#0"},"down":{"uv":[1.5,5.75,1,7],"texture":"#0"}}},{"from":[7,9,8],"to":[9,10,13],"rotation":{"angle":0,"axis":"y","origin":[7,9,8]},"faces":{"north":{"uv":[6,3,6.5,3.25],"texture":"#0"},"east":{"uv":[6,0,7.25,0.25],"texture":"#0"},"south":{"uv":[6,3.25,6.5,3.5],"texture":"#0"},"west":{"uv":[6,0.25,7.25,0.5],"texture":"#0"},"up":{"uv":[2,7,1.5,5.75],"texture":"#0"},"down":{"uv":[2.5,5.75,2,7],"texture":"#0"}}},{"from":[7,10,12],"to":[9,14,13],"rotation":{"angle":0,"axis":"x","origin":[7,15,12]},"faces":{"north":{"uv":[2.5,5.75,3,6.75],"texture":"#0"},"east":{"uv":[6,0.5,6.25,1.5],"texture":"#0"},"south":{"uv":[3,5.75,3.5,6.75],"texture":"#0"},"west":{"uv":[6,1.5,6.25,2.5],"texture":"#0"},"up":{"uv":[4,6.25,3.5,6],"texture":"#0"},"down":{"uv":[6.5,3.5,6,3.75],"texture":"#0"}}}],"gui_light":"front","display":{"thirdperson_righthand":{"rotation":[0,-90,0],"translation":[2,-6,4]},"thirdperson_lefthand":{"rotation":[0,-90,0],"translation":[2,-6,4]},"firstperson_righthand":{"rotation":[0,-3,-4],"translation":[-2.1,-8.5,0.3]},"firstperson_lefthand":{"rotation":[0,0,-4],"translation":[-1.3,-8,0.3]},"ground":{"scale":[0.25,0.25,0.25]},"gui":{"rotation":[15,160,4],"translation":[0,-1.75,0],"scale":[0.65,0.65,0.65]},"fixed":{"translation":[0,-2,0],"scale":[0.65,0.65,0.65]}},"groups":[{"name":"group","origin":[7,15,12],"color":0,"children":[0,1,2,3]}]}