{"parent":"minecraft:item/generated","textures":{"layer0":"minecraft:item/cauldron"},"overrides":[{"predicate":{"custom_model_data":2200143},"model":"slimefun:slimefun/basic_machines/ore_washer"},{"predicate":{"custom_model_data":2200239},"model":"slimefun:slimefun/basic_machines/composter"},{"predicate":{"custom_model_data":2200252},"model":"slimefun:slimefun/basic_machines/crucible"},{"predicate":{"custom_model_data":2201078},"model":"exotic_garden:misc/kitchen"},{"predicate":{"custom_model_data":2203009},"model":"gastronomicon:tools/gn_steel_pot"},{"predicate":{"custom_model_data":2203010},"model":"gastronomicon:tools/gn_distillation_chamber"},{"predicate":{"custom_model_data":2203023},"model":"gastronomicon:basic_machines/gn_mill"},{"predicate":{"custom_model_data":2203024},"model":"item/cauldron"}]}