{"parent":"minecraft:block/daylight_detector","overrides":[{"predicate":{"custom_model_data":2200157},"model":"slimefun:slimefun/technical_components/solar_panel"},{"predicate":{"custom_model_data":2200346},"model":"slimefun:slimefun/energy/solar_generator"},{"predicate":{"custom_model_data":2200347},"model":"slimefun:slimefun/energy/solar_generator_2"},{"predicate":{"custom_model_data":2200348},"model":"slimefun:slimefun/energy/solar_generator_3"},{"predicate":{"custom_model_data":2200349},"model":"slimefun:slimefun/energy/solar_generator_4"},{"predicate":{"custom_model_data":2200350},"model":"item/daylight_detector"}]}