{"parent":"minecraft:item/generated","textures":{"layer0":"minecraft:item/iron_nugget"},"overrides":[{"predicate":{"custom_model_data":2200617},"model":"infinityexpansion:materials/void_bit"},{"predicate":{"custom_model_data":2301010},"model":"slimetinker:materials/nuggets/nugget_cast_lead"},{"predicate":{"custom_model_data":2301012},"model":"slimetinker:materials/nuggets/nugget_cast_silver"},{"predicate":{"custom_model_data":2301014},"model":"slimetinker:materials/nuggets/nugget_cast_aluminum"},{"predicate":{"custom_model_data":2301016},"model":"slimetinker:materials/nuggets/nugget_cast_magnesium"},{"predicate":{"custom_model_data":2301018},"model":"slimetinker:materials/nuggets/nugget_cast_zinc"},{"predicate":{"custom_model_data":2301020},"model":"slimetinker:materials/nuggets/nugget_cast_tin"},{"predicate":{"custom_model_data":2301022},"model":"slimetinker:materials/nuggets/nugget_cast_steel"},{"predicate":{"custom_model_data":2301024},"model":"slimetinker:materials/nuggets/nugget_cast_damascus_steel"},{"predicate":{"custom_model_data":2301026},"model":"slimetinker:materials/nuggets/nugget_cast_duralium"},{"predicate":{"custom_model_data":2301032},"model":"slimetinker:materials/nuggets/nugget_cast_hard_metal"},{"predicate":{"custom_model_data":2301036},"model":"slimetinker:materials/nuggets/nugget_cast_solder"},{"predicate":{"custom_model_data":2301038},"model":"slimetinker:materials/nuggets/nugget_cast_billon"},{"predicate":{"custom_model_data":2301044},"model":"slimetinker:materials/nuggets/nugget_cast_nickel"},{"predicate":{"custom_model_data":2301046},"model":"slimetinker:materials/nuggets/nugget_cast_cobalt"},{"predicate":{"custom_model_data":2301048},"model":"slimetinker:materials/nuggets/nugget_cast_reinforced"},{"predicate":{"custom_model_data":2301050},"model":"slimetinker:materials/nuggets/nugget_cast_ferrosilicon"},{"predicate":{"custom_model_data":2301057},"model":"slimetinker:materials/nuggets/nugget_cast_sefirite"},{"predicate":{"custom_model_data":2301060},"model":"slimetinker:materials/nuggets/nugget_cast_cringleium"},{"predicate":{"custom_model_data":2301075},"model":"slimetinker:materials/nuggets/nugget_cast_smithium"},{"predicate":{"custom_model_data":2301076},"model":"item/iron_nugget"}]}