{"parent":"minecraft:item/generated","textures":{"layer0":"minecraft:item/pumpkin_pie"},"overrides":[{"predicate":{"custom_model_data":2200321},"model":"slimefun:slimefun/christmas/christmas_fruit_cake"},{"predicate":{"custom_model_data":2200322},"model":"slimefun:slimefun/christmas/christmas_apple_pie"},{"predicate":{"custom_model_data":2200324},"model":"slimefun:slimefun/christmas/christmas_cake"},{"predicate":{"custom_model_data":2200329},"model":"slimefun:slimefun/easter/carrot_pie"},{"predicate":{"custom_model_data":2200330},"model":"slimefun:slimefun/easter/easter_apple_pie"},{"predicate":{"custom_model_data":2200331},"model":"item/pumpkin_pie"}]}