{"parent":"minecraft:item/handheld","textures":{"layer0":"minecraft:item/stick"},"overrides":[{"predicate":{"custom_model_data":2200011},"model":"slimefun:slimefun/weapons/grandmas_walking_stick"},{"predicate":{"custom_model_data":2200012},"model":"slimefun:slimefun/weapons/grandpas_walking_stick"},{"predicate":{"custom_model_data":2200133},"model":"slimefun:slimefun/magical_gadgets/staff_elemental"},{"predicate":{"custom_model_data":2200134},"model":"slimefun:slimefun/magical_gadgets/staff_elemental_wind"},{"predicate":{"custom_model_data":2200135},"model":"slimefun:slimefun/magical_gadgets/staff_elemental_water"},{"predicate":{"custom_model_data":2200160},"model":"slimefun:slimefun/magical_gadgets/staff_elemental_fire"},{"predicate":{"custom_model_data":2200161},"model":"slimefun:slimefun/magical_gadgets/staff_elemental_storm"},{"predicate":{"custom_model_data":2200225},"model":"slimefun:slimefun/items/splint"},{"predicate":{"custom_model_data":2201417},"model":"bump:magical_items/peach_wood"},{"predicate":{"custom_model_data":2203001},"model":"gastronomicon:tools/gn_rolling_pin"},{"predicate":{"custom_model_data":2300029},"model":"cultivation:products/clt_cinnamon"},{"predicate":{"custom_model_data":2300030},"model":"item/stick"}]}